{
  "project_info": {
    "project_number": "1043092268069",
    "firebase_url": "https://pocketwaste1.firebaseio.com",
    "project_id": "pocketwaste1",
    "storage_bucket": "pocketwaste1.appspot.com"
  },
  "client": [
    {
      "client_info": {
        "mobilesdk_app_id": "1:1043092268069:android:a29d186eb8e848aca78bcc",
        "android_client_info": {
          "package_name": "com.example.pocketwaste"
        }
      },
      "oauth_client": [
        {
          "client_id": "1043092268069-11r9b54l337j30b9vmnsmc57s3iumhe9.apps.googleusercontent.com",
          "client_type": 1,
          "android_info": {
            "package_name": "com.example.pocketwaste",
            "certificate_hash": "027f670532d3cd33d92523139796854a67d373a0"
          }
        },
        {
          "client_id": "1043092268069-6ecaio6ohncnh0actp8dhfntkkkgknab.apps.googleusercontent.com",
          "client_type": 3
        }
      ],
      "api_key": [
        {
          "current_key": "AIzaSyBgXKksxfvsrziekq3gbhpIfuGBjbOtyUw"
        }
      ],
      "services": {
        "appinvite_service": {
          "other_platform_oauth_client": [
            {
              "client_id": "1043092268069-6ecaio6ohncnh0actp8dhfntkkkgknab.apps.googleusercontent.com",
              "client_type": 3
            }
          ]
        }
      }
    }
  ],
  "configuration_version": "1"
}